day_in_cycle,n_days,total_events,total_orders,avg_daily_events,avg_daily_order_rate,n_cycles_with_data,weighted_order_rate
1,14,361448,82082,25817.714285714286,0.24417446777642868,14,0.22709214050153825
2,13,280118,63677,21547.53846153846,0.242974643825027,13,0.22732205713306536
3,13,402276,115752,30944.30769230769,0.29763597967467315,13,0.28774274378784714
4,13,446434,121246,34341.07692307692,0.28349801160353727,13,0.2715877374931121
5,13,459883,118482,35375.61538461538,0.26741158480831284,13,0.25763509414351043
6,13,422432,108887,32494.76923076923,0.2672727276475692,13,0.2577621960457541
7,13,383412,94964,29493.23076923077,0.25894258642701196,13,0.2476813453934671
