model,rmse,mae,r2
Random Forest,9.726799678913357,3.709239033720069,0.6424064597005436
XGBoost,9.758418825612797,3.6715049743652344,0.6400778293609619
Decision Tree,9.833800347357009,3.687946467137656,0.6344956964946056
